Pollutant:,BC,Unit: grams,,,,,,,,,,,,,,,,,,,,,,,,,,,,,,,,,,
,2015.0,2016.0,2017.0,2018.0,2019.0,2020.0,2021.0,2022.0,2023.0,2024.0,2025.0,2026.0,2027.0,2028.0,2029.0,2030.0,2031.0,2032.0,2033.0,2034.0,2035.0,2036.0,2037.0,2038.0,2039.0,2040.0,2041.0,2042.0,2043.0,2044.0,2045.0,2046.0,2047.0,2048.0,2049.0,2050.0
agriculture and forestry 01T03,0.0,0.0,0.0,0.0,0.0,88780.28404344193,89390.14202172097,90000.0,95170.60367454067,97177.33154136664,98202.95483305698,99007.85238926124,99787.57418927786,100490.19801118987,101264.21954517896,102027.95728723376,101840.86159957318,101906.15962783847,101470.00193358307,101287.85006659046,101067.098296063,100982.30933523088,100872.53484313445,100876.750721403,100874.93743821903,100869.41706588908,100833.43183756433,100975.34802717397,101076.20932459514,101228.06718678812,101496.1790022473,102360.79744708585,103242.08237202743,104141.13826606225,104924.14595963176,105724.60319084823
coal mining 05,0.0,0.0,0.0,0.0,0.0,0.0,0.0,0.0,0.0,0.0,0.0,0.0,0.0,0.0,0.0,0.0,0.0,0.0,0.0,0.0,0.0,0.0,0.0,0.0,0.0,0.0,0.0,0.0,0.0,0.0,0.0,0.0,0.0,0.0,0.0,0.0
oil and gas extraction 06,0.0,0.0,0.0,0.0,0.0,0.0,0.0,0.0,0.0,0.0,0.0,0.0,0.0,0.0,0.0,0.0,0.0,0.0,0.0,0.0,0.0,0.0,0.0,0.0,0.0,0.0,0.0,0.0,0.0,0.0,0.0,0.0,0.0,0.0,0.0,0.0
other mining and quarrying 07T08,0.0,0.0,0.0,0.0,0.0,0.0,0.0,0.0,0.0,0.0,0.0,0.0,0.0,0.0,0.0,0.0,0.0,0.0,0.0,0.0,0.0,0.0,0.0,0.0,0.0,0.0,0.0,0.0,0.0,0.0,0.0,0.0,0.0,0.0,0.0,0.0
food beverage and tobacco 10T12,0.0,0.0,0.0,0.0,0.0,0.0,0.0,0.0,0.0,0.0,0.0,0.0,0.0,0.0,0.0,0.0,0.0,0.0,0.0,0.0,0.0,0.0,0.0,0.0,0.0,0.0,0.0,0.0,0.0,0.0,0.0,0.0,0.0,0.0,0.0,0.0
textiles apparel and leather 13T15,0.0,0.0,0.0,0.0,0.0,0.0,0.0,0.0,0.0,0.0,0.0,0.0,0.0,0.0,0.0,0.0,0.0,0.0,0.0,0.0,0.0,0.0,0.0,0.0,0.0,0.0,0.0,0.0,0.0,0.0,0.0,0.0,0.0,0.0,0.0,0.0
wood products 16,0.0,0.0,0.0,0.0,0.0,0.0,0.0,0.0,0.0,0.0,0.0,0.0,0.0,0.0,0.0,0.0,0.0,0.0,0.0,0.0,0.0,0.0,0.0,0.0,0.0,0.0,0.0,0.0,0.0,0.0,0.0,0.0,0.0,0.0,0.0,0.0
pulp paper and printing 17T18,0.0,0.0,0.0,0.0,0.0,21143457.051961824,21448610.81654295,22723621.51308209,23547345.69968404,23310139.567148484,23290856.51426526,23380101.0133478,23362680.31135701,23459486.845351923,23620559.056136116,23741186.36361097,23977961.539237987,24207602.599606402,24346028.094881017,24520820.959115267,24691489.80197328,24741321.812269375,24833877.269050304,25072969.13217685,25086775.29530749,25316447.018804953,25636412.14555997,25879679.680581197,26063150.706484888,26162950.6900848,26245589.92271412,26336174.994880643,26333157.252008192,26371137.542624146,26444633.845271185,26531685.14763438
refined petroleum and coke 19,0.0,0.0,0.0,0.0,0.0,568734.881643591,570367.8204555606,572128.5235648872,529224.5369311685,692453.0019612502,727696.7734267926,768902.4719779852,800656.7844945423,795414.9944506808,778692.4764470393,774287.2343363988,763353.6754521463,782836.457240339,787265.4692257976,785933.6940794647,799821.5128976692,801165.0270545516,810428.5468658481,801519.595905698,802138.9398169238,803551.0539077601,795497.8026975351,802763.958736307,799434.7806579637,804714.8083306315,807243.6804775147,866550.1496955808,866134.2592479325,829206.75175735,806656.8936250648,814848.4295587973
chemicals 20,0.0,0.0,0.0,0.0,0.0,13115131.436802305,9962365.529558277,9359459.709862,10184529.423700014,11286784.163905608,10131082.852094656,9336362.965077598,9696471.398246186,10099334.081538042,10500438.848343527,10862971.30458226,11123996.100404598,11375748.374615822,11733397.875720637,12024644.464456705,12277960.582011877,12621265.850909859,12947762.146145858,13211772.911125867,13401505.354642453,13622301.0103895,13855548.896076456,14306469.075188784,14762410.399256727,15111992.499322645,15507815.356309598,15689033.691835871,15767370.161590254,15836572.33885432,16085248.77514241,16406676.647958018
rubber and plastic products 22,0.0,0.0,0.0,0.0,0.0,0.0,0.0,0.0,0.0,0.0,0.0,0.0,0.0,0.0,0.0,0.0,0.0,0.0,0.0,0.0,0.0,0.0,0.0,0.0,0.0,0.0,0.0,0.0,0.0,0.0,0.0,0.0,0.0,0.0,0.0,0.0
glass and glass products 231,0.0,0.0,0.0,0.0,0.0,0.0,0.0,0.0,0.0,0.0,0.0,0.0,0.0,0.0,0.0,0.0,0.0,0.0,0.0,0.0,0.0,0.0,0.0,0.0,0.0,0.0,0.0,0.0,0.0,0.0,0.0,0.0,0.0,0.0,0.0,0.0
cement and other nonmetallic minerals 239,0.0,0.0,0.0,0.0,0.0,17838613.495599262,18667468.216885798,17800065.476190478,18555296.15004936,21110911.01297971,19212470.238113884,17786974.88758328,16904333.520568654,16183706.45227332,15966119.171377353,15719398.920414235,15499605.308085049,15301964.298239743,12694824.511137916,12209598.348263796,11670160.865306549,11155393.348604118,10835401.379487058,10564138.443475762,10125837.560311003,9843370.328380594,9536811.89799164,9272274.375402866,9073869.709997201,8927156.423107957,8696563.67217675,8548688.638174886,8415900.90326714,8274748.183769046,8174696.721487922,8100265.020989065
iron and steel 241,0.0,0.0,0.0,0.0,0.0,32101073.61070701,32471338.37649113,38302202.239565656,37284288.99082569,36143700.20719513,33729800.08730001,30345055.633181576,29081334.09908335,29484784.688981194,29580576.669319257,29239348.500368472,28608747.395508237,27545534.316762585,27546348.651757702,28015097.994474307,28142953.92542085,28438955.1622577,28752701.22426175,29021721.091317605,29370010.102363396,29619868.40682827,29706724.745746803,30001697.17895786,30553781.52324934,30873450.23612796,30971244.491927076,30879315.255492385,30516907.711630315,30099063.82778875,30116194.070206527,30398005.317974415
other metals 242,0.0,0.0,0.0,0.0,0.0,2640683.1472620945,2721225.412014886,2759293.193717277,2997216.035634744,3097379.9802672956,3063017.535077383,3049362.498725242,3115908.851751161,3229088.5891154255,3321990.8727592425,3400451.118802327,3445389.955862337,3452414.6945857997,3450572.8967358395,3459075.1875025425,3480231.182402174,3513065.081417606,3548501.065051553,3576130.5975224394,3596619.4677769295,3632361.791340595,3659545.280172228,3680799.4266303433,3715611.8451195355,3752279.274824425,3770664.386205332,3776638.8083944195,3781410.8404378034,3790548.473246131,3800145.41974802,3799211.0594580993
metal products except machinery and vehicles 25,0.0,0.0,0.0,0.0,0.0,0.0,0.0,0.0,0.0,0.0,0.0,0.0,0.0,0.0,0.0,0.0,0.0,0.0,0.0,0.0,0.0,0.0,0.0,0.0,0.0,0.0,0.0,0.0,0.0,0.0,0.0,0.0,0.0,0.0,0.0,0.0
computers and electronics 26,0.0,0.0,0.0,0.0,0.0,0.0,0.0,0.0,0.0,0.0,0.0,0.0,0.0,0.0,0.0,0.0,0.0,0.0,0.0,0.0,0.0,0.0,0.0,0.0,0.0,0.0,0.0,0.0,0.0,0.0,0.0,0.0,0.0,0.0,0.0,0.0
appliances and electrical equipment 27,0.0,0.0,0.0,0.0,0.0,0.0,0.0,0.0,0.0,0.0,0.0,0.0,0.0,0.0,0.0,0.0,0.0,0.0,0.0,0.0,0.0,0.0,0.0,0.0,0.0,0.0,0.0,0.0,0.0,0.0,0.0,0.0,0.0,0.0,0.0,0.0
other machinery 28,0.0,0.0,0.0,0.0,0.0,0.0,0.0,0.0,0.0,0.0,0.0,0.0,0.0,0.0,0.0,0.0,0.0,0.0,0.0,0.0,0.0,0.0,0.0,0.0,0.0,0.0,0.0,0.0,0.0,0.0,0.0,0.0,0.0,0.0,0.0,0.0
road vehicles 29,0.0,0.0,0.0,0.0,0.0,0.0,0.0,0.0,0.0,0.0,0.0,0.0,0.0,0.0,0.0,0.0,0.0,0.0,0.0,0.0,0.0,0.0,0.0,0.0,0.0,0.0,0.0,0.0,0.0,0.0,0.0,0.0,0.0,0.0,0.0,0.0
nonroad vehicles 30,0.0,0.0,0.0,0.0,0.0,0.0,0.0,0.0,0.0,0.0,0.0,0.0,0.0,0.0,0.0,0.0,0.0,0.0,0.0,0.0,0.0,0.0,0.0,0.0,0.0,0.0,0.0,0.0,0.0,0.0,0.0,0.0,0.0,0.0,0.0,0.0
other manufacturing 31T33,0.0,0.0,0.0,0.0,0.0,14383867.0447385,14504287.334593574,15770310.983095028,17146563.48273677,16867118.66191531,16410868.16600289,16178462.489428617,16145139.320670877,16203374.316682221,16446110.496691748,16743593.324131368,17032623.96070755,17522026.057357386,17940755.10551103,18374226.2842493,18744339.00125657,18966533.87431179,19251422.047746614,19669507.807143897,19925695.326932907,20310924.77309588,20686624.95613648,21004527.581989214,21256479.93214934,21504068.855598886,21790906.685775746,22287108.290495496,22596687.028738245,22865035.8607688,23160991.04219964,23464560.583636805
energy pipelines and gas processing 352T353,0.0,0.0,0.0,0.0,0.0,1403416.5872259296,1398022.8789323163,1612971.1825107653,1763838.8278388279,2025602.85540488,2063112.561578917,2074935.869711182,2210739.0013232366,2381539.629759937,2408317.887725185,2446857.385971818,2418500.0893631633,2368358.4064226146,2283222.1012614355,2226440.0482505285,2203219.9888079525,2200975.6628034264,2202860.336964538,2175694.462207948,2185602.1472028564,2175054.2743663467,2152729.762511798,2150692.260460488,2162886.8427029448,2173375.2920165686,2185195.84287932,2192563.9106915523,2178000.958060204,2168955.221619884,2179692.9474746957,2203966.5859277234
water and waste 36T39,0.0,0.0,0.0,0.0,0.0,0.0,0.0,0.0,0.0,0.0,0.0,0.0,0.0,0.0,0.0,0.0,0.0,0.0,0.0,0.0,0.0,0.0,0.0,0.0,0.0,0.0,0.0,0.0,0.0,0.0,0.0,0.0,0.0,0.0,0.0,0.0
construction 41T43,0.0,0.0,0.0,0.0,0.0,0.0,0.0,0.0,0.0,0.0,0.0,0.0,0.0,0.0,0.0,0.0,0.0,0.0,0.0,0.0,0.0,0.0,0.0,0.0,0.0,0.0,0.0,0.0,0.0,0.0,0.0,0.0,0.0,0.0,0.0,0.0
